<?xml version="1.0" encoding="UTF-8"?>
<project-private xmlns="http://www.netbeans.org/ns/project-private/1">
    <editor-bookmarks xmlns="http://www.netbeans.org/ns/editor-bookmarks/2" lastBookmarkId="0"/>
    <open-files xmlns="http://www.netbeans.org/ns/projectui-open-files/2">
        <group>
            <file>file:/D:/ELFO/Documentos/NetBeansProjects/Actividad_01/src/actividad_01/IMCJFrame.java</file>
            <file>file:/D:/ELFO/Documentos/NetBeansProjects/Actividad_01/src/actividad_01/Actividad_01.java</file>
            <file>file:/D:/ELFO/Documentos/NetBeansProjects/Actividad_01/src/actividad_01/Persona.java</file>
        </group>
    </open-files>
</project-private>
