<?xml version="1.0" encoding="UTF-8"?>
<project-private xmlns="http://www.netbeans.org/ns/project-private/1">
    <editor-bookmarks xmlns="http://www.netbeans.org/ns/editor-bookmarks/2" lastBookmarkId="0"/>
    <open-files xmlns="http://www.netbeans.org/ns/projectui-open-files/2">
        <group>
            <file>file:/D:/ELFO/Documentos/NetBeansProjects/Actividad_02/src/actividad_02/Actividad_02.java</file>
            <file>file:/D:/ELFO/Documentos/NetBeansProjects/Actividad_02/src/actividad_02/RetiroJFrame.java</file>
            <file>file:/D:/ELFO/Documentos/NetBeansProjects/Actividad_02/src/actividad_02/SaldoJFrame.java</file>
            <file>file:/D:/ELFO/Documentos/NetBeansProjects/Actividad_02/src/actividad_02/Menu_BancoJFrame.java</file>
            <file>file:/D:/ELFO/Documentos/NetBeansProjects/Actividad_02/src/actividad_02/DepositoJFrame.java</file>
        </group>
    </open-files>
</project-private>
